,,,ポケモン名,H,A,B,C,D,S,計
1,3,3,フシギバナ,80,82,83,100,100,80,525
2,3,10033,メガフシギバナ,80,100,123,122,120,80,625
3,6,6,リザードン,78,84,78,109,85,100,534
4,6,10034,メガリザードンX,78,130,111,130,85,100,634
5,6,10035,メガリザードンY,78,104,78,159,115,100,634
6,9,9,カメックス,79,83,100,85,105,78,530
7,9,10036,メガカメックス,79,103,120,135,115,78,630
8,12,12,バタフリー,60,45,50,90,80,70,395
9,15,15,スピアー,65,90,40,45,80,75,395
10,15,10090,メガスピアー,65,150,40,15,80,145,495
11,18,18,ピジョット,83,80,75,70,70,101,479
12,18,10073,メガピジョット,83,80,80,135,80,121,579
13,20,20,ラッタ,55,81,60,50,70,97,413
14,20,10092,Rラッタ,75,71,70,40,80,77,413
15,22,22,オニドリル,65,90,65,61,61,100,442
16,24,24,アーボック,60,95,69,65,79,80,448
17,25,25,ピカチュウ,35,55,40,50,50,90,320
18,26,10305,ライチュウ,60,90,55,90,80,110,485
19,26,26,Rライチュウ,60,85,50,95,85,110,485
20,26,10100,メガライチュウX,60,135,95,90,95,110,585
21,26,10304,メガライチュウY,60,100,55,160,80,130,585
22,28,28,サンドパン,75,100,110,45,55,65,450
23,28,10102,Rサンドパン,75,100,120,25,65,65,450
24,31,31,ニドクイン,90,92,87,75,85,76,505
25,34,34,ニドキング,81,102,77,85,75,85,505
26,35,35,ピッピ,70,45,48,60,65,35,323
27,36,36,ピクシー,95,70,73,95,90,60,483
28,36,10073,メガピクシー,95,80,93,135,110,70,583
29,38,10104,Rキュウコン,73,67,75,81,100,109,505
30,38,38,キュウコン,73,76,75,81,100,100,505
31,39,39,プリン,115,45,20,45,25,20,270
32,40,40,プクリン,140,70,45,85,50,45,435
33,45,45,ラフレシア,75,80,85,110,90,50,490
34,47,47,パラセクト,60,95,80,60,80,30,405
35,49,49,モルフォン,70,65,60,90,75,90,450
36,51,51,ダグトリオ,35,100,50,50,70,120,425
37,51,10106,Rダグトリオ,35,100,60,50,70,110,425
38,53,53,ペルシアン,65,70,60,65,65,115,440
39,53,10108,Rペルシアン,65,60,60,75,65,115,440
40,55,55,ゴルダック,80,82,78,95,80,85,500
41,57,57,オコリザル,65,105,60,60,70,95,455
42,59,59,ウインディ,90,110,80,100,80,95,555
43,59,10230,Rウインディ,95,115,80,95,80,90,555
44,62,62,ニョロボン,90,95,95,70,90,70,510
45,65,65,フーディン,55,50,45,135,95,120,500
46,65,10037,メガフーディン,55,50,65,175,105,150,600
47,68,68,カイリキー,90,130,80,65,85,55,505
48,71,71,ウツボット,80,105,65,100,70,70,490
49,71,10279,メガウツボット,80,125,85,135,95,70,590
50,73,73,ドククラゲ,80,70,65,80,120,100,515
51,76,76,ゴローニャ,80,120,130,55,65,45,495
52,76,10111,Rゴローニャ,80,120,130,55,65,45,495
53,78,78,ギャロップ,65,100,70,80,80,105,500
54,78,10163,Rギャロップ,65,100,70,80,80,105,500
55,80,80,ヤドラン,95,75,110,100,80,30,490
56,80,10165,Rヤドラン,95,100,95,100,70,30,490
57,80,10071,メガヤドラン,95,75,180,130,80,30,590
58,82,82,レアコイル,50,60,95,120,70,70,465
59,83,83,カモネギ,52,90,55,58,62,60,377
61,85,85,ドードリオ,60,110,70,60,60,110,470
62,87,87,ジュゴン,90,70,80,70,95,70,475
63,89,89,ベトベトン,105,105,75,65,100,50,500
64,89,10113,Rベトベトン,105,105,75,65,100,50,500
65,91,91,パルシェン,50,95,180,85,45,70,525
66,94,94,ゲンガー,60,65,60,130,75,110,500
67,94,10038,メガゲンガー,60,65,80,170,95,130,600
68,95,95,イワーク,35,45,160,30,45,70,385
69,97,97,スリーパー,85,73,70,73,115,67,483
70,99,99,キングラー,55,130,115,50,50,75,475
71,101,101,マルマイン,60,50,70,80,80,150,490
72,101,10232,Rマルマイン,60,50,70,80,80,150,490
73,103,103,ナッシー,95,95,85,125,75,55,530
74,103,10114,Rナッシー,95,105,85,125,75,45,530
75,105,105,ガラガラ,60,80,110,50,80,45,425
76,105,10115,Rガラガラ,60,80,110,50,80,45,425
77,106,106,サワムラー,50,120,53,35,110,87,455
78,107,107,エビワラー,50,105,79,35,110,76,455
79,108,108,ベロリンガ,90,55,75,60,75,30,385
80,110,110,マタドガス,65,90,120,85,70,60,490
81,110,10167,Rマタドガス,65,90,120,85,70,60,490
82,112,112,サイドン,105,130,120,45,45,40,485
83,113,113,ラッキー,250,5,5,35,105,50,450
84,114,114,モンジャラ,65,55,115,100,40,60,435
85,115,115,ガルーラ,105,95,80,40,80,90,490
86,115,10039,メガガルーラ,105,125,100,60,100,100,590
87,119,119,アズマオウ,80,92,65,65,80,68,450
88,121,121,スターミー,60,75,85,100,85,115,520
89,121,10280,メガスターミー,60,140,105,130,105,120,660
90,122,10168,Rバリヤード,50,65,65,90,90,100,460
91,122,122,バリヤード,40,45,65,100,120,90,460
92,123,123,ストライク,70,110,80,55,80,105,500
93,124,124,ルージュラ,65,50,35,115,95,95,455
94,125,125,エレブー,65,83,57,95,85,105,490
95,126,126,ブーバー,65,95,57,100,85,93,495
96,127,127,カイロス,65,125,100,55,70,85,500
97,127,10040,メガカイロス,65,155,120,65,90,105,600
98,128,128,ケンタロス,75,100,95,40,70,110,490
99,128,10250,闘ケンタロス,75,110,105,30,70,100,490
100,128,10251,炎ケンタロス,75,110,105,30,70,100,490
101,128,10252,水ケンタロス,75,110,105,30,70,100,490
102,130,130,ギャラドス,95,125,79,60,100,81,540
103,130,10041,メガギャラドス,95,155,109,70,130,81,640
104,131,131,ラプラス,130,85,80,85,95,60,535
105,132,132,メタモン,48,48,48,48,48,48,288
106,134,134,シャワーズ,130,65,60,110,95,65,525
107,135,135,サンダース,65,65,60,110,95,130,525
108,136,136,ブースター,65,130,60,95,110,65,525
109,139,139,オムスター,70,60,125,115,70,55,495
110,141,141,カブトプス,60,115,105,65,70,80,495
111,142,142,プテラ,80,105,65,60,75,130,515
112,142,10042,メガプテラ,80,135,85,70,95,150,615
113,143,143,カビゴン,160,110,65,65,110,30,540
114,144,10169,Rフリーザー,90,85,85,125,100,95,580
115,144,144,フリーザー,90,85,100,95,125,85,580
116,145,145,サンダー,90,90,85,125,90,100,580
117,145,10170,Rサンダー,90,125,90,85,90,100,580
118,146,146,ファイヤー,90,100,90,125,85,90,580
119,146,10171,Rファイヤー,90,85,90,100,125,90,580
120,149,149,カイリュー,91,134,95,100,100,80,600
121,149,10281,メガカイリュー,91,124,115,145,125,100,700
122,150,150,ミュウツー,106,110,90,154,90,130,680
123,150,10044,メガミュウツーY,106,150,70,194,120,140,780
124,150,10043,メガミュウツーX,106,190,100,154,100,130,780
125,151,151,ミュウ,100,100,100,100,100,100,600
126,154,154,メガニウム,80,82,100,83,100,80,525
127,154,10282,メガメガニウム,80,92,115,143,115,80,625
128,157,157,バクフーン,78,84,78,109,85,100,534
129,157,10233,Rバクフーン,73,84,78,119,85,95,534
130,160,160,オーダイル,85,105,100,79,83,78,530
131,160,10283,メガオーダイル,85,160,125,89,93,78,630
132,162,162,オオタチ,85,76,64,45,55,90,415
133,164,164,ヨルノズク,100,50,50,86,96,70,452
134,166,166,レディアン,55,35,50,55,110,85,390
135,168,168,アリアドス,70,90,70,60,70,40,400
136,169,169,クロバット,85,90,80,70,80,130,535
137,171,171,ランターン,125,58,58,76,76,67,460
138,176,176,トゲチック,55,40,85,80,105,40,405
139,178,178,ネイティオ,65,75,70,95,70,95,470
140,181,181,デンリュウ,90,75,85,115,90,55,510
141,181,10045,メガデンリュウ,90,95,105,165,110,45,610
142,182,182,キレイハナ,75,80,95,90,100,50,490
143,184,184,マリルリ,100,50,80,60,80,50,420
144,185,185,ウソッキー,70,100,115,30,65,30,410
145,186,186,ニョロトノ,90,75,75,90,100,70,500
146,189,189,ワタッコ,75,55,70,55,95,110,460
147,192,192,キマワリ,75,75,55,105,85,30,425
148,195,195,ヌオー,95,85,85,65,65,35,430
149,196,196,エーフィ,65,65,60,130,95,110,525
150,197,197,ブラッキー,95,65,110,60,130,65,525
151,198,198,ヤミカラス,60,85,42,85,42,91,405
152,199,199,ヤドキング,95,75,80,100,110,30,490
153,199,10172,Rヤドキング,95,65,80,110,110,30,490
154,200,200,ムウマ,60,60,60,85,85,85,435
155,201,201,アンノーン,48,72,48,72,48,48,336
156,202,202,ソーナンス,190,33,58,33,58,33,405
157,203,203,キリンリキ,70,80,65,90,65,85,455
158,205,205,フォレトス,75,90,140,60,60,40,465
159,206,206,ノコッチ,100,70,70,65,65,45,415
160,207,207,グライガー,65,75,105,35,65,85,430
161,208,208,ハガネール,75,85,200,55,65,30,510
162,208,10072,メガハガネール,75,125,230,55,95,30,610
163,210,210,グランブル,90,120,75,60,60,45,450
164,211,211,ハリーセン,65,95,85,55,55,85,440
165,211,10234,Rハリーセン,65,95,85,55,55,85,440
166,212,212,ハッサム,70,130,100,55,80,65,500
167,212,10046,メガハッサム,70,150,140,65,100,75,600
168,213,213,ツボツボ,20,10,230,10,230,5,505
169,214,214,ヘラクロス,80,125,75,40,95,85,500
170,214,10047,メガヘラクロス,80,185,115,40,105,75,600
171,217,217,リングマ,90,130,75,75,75,55,500
172,219,219,マグカルゴ,60,50,120,90,80,30,430
173,221,221,イノムー,100,100,80,60,60,50,450
174,222,222,サニーゴ,65,55,95,65,95,35,410
175,222,10173,Rサニーゴ,60,55,100,65,100,30,410
176,224,224,オクタン,75,105,75,105,75,45,480
177,225,225,デリバード,45,55,45,65,45,75,330
178,226,226,マンタイン,85,40,70,80,140,70,485
179,227,227,エアームド,65,80,140,40,70,70,465
180,227,10284,メガエアームド,65,140,110,40,100,110,565
181,229,229,ヘルガー,75,90,50,110,80,95,500
182,229,10048,メガヘルガー,75,90,90,140,90,115,600
183,230,230,キングドラ,75,95,95,95,95,85,540
184,232,232,ドンファン,90,120,120,60,60,50,500
185,233,233,ポリゴン2,85,80,90,105,95,60,515
186,234,234,オドシシ,73,95,62,85,65,85,465
187,235,235,ドーブル,55,20,35,20,45,75,250
188,237,237,カポエラー,50,95,95,35,110,70,455
189,241,241,ミルタンク,95,80,105,40,70,100,490
190,242,242,ハピナス,255,10,10,75,135,55,540
191,243,243,ライコウ,90,85,75,115,100,115,580
192,244,244,エンテイ,115,115,85,90,75,100,580
193,245,245,スイクン,100,75,115,90,115,85,580
194,248,248,バンギラス,100,134,110,95,100,61,600
195,248,10049,メガバンギラス,100,164,150,95,120,71,700
196,249,249,ルギア,106,90,130,90,154,110,680
197,250,250,ホウオウ,106,130,90,110,154,90,680
198,251,251,セレビィ,100,100,100,100,100,100,600
199,254,254,ジュカイン,70,85,65,105,85,120,530
200,254,10065,メガジュカイン,70,110,75,145,85,145,630
201,257,257,バシャーモ,80,120,70,110,70,80,530
202,257,10050,メガバシャーモ,80,160,80,130,80,100,630
203,260,260,ラグラージ,100,110,90,85,90,60,535
204,260,10064,メガラグラージ,100,150,110,95,110,70,635
205,262,262,グラエナ,70,90,70,60,60,70,420
206,264,264,マッスグマ,78,70,61,50,61,100,420
207,267,267,アゲハント,60,70,50,100,50,65,395
208,269,269,ドクケイル,60,50,70,50,90,65,385
209,272,272,ルンパッパ,80,70,70,90,100,70,480
210,275,275,ダーテング,90,100,60,90,60,80,480
211,277,277,オオスバメ,60,85,60,75,50,125,455
212,279,279,ペリッパー,60,50,100,95,70,65,440
213,282,282,サーナイト,68,65,65,125,115,80,518
214,282,10051,メガサーナイト,68,85,65,165,135,100,618
215,284,284,アメモース,70,60,62,100,82,80,454
216,286,286,キノガッサ,60,130,80,60,60,70,460
217,289,289,ケッキング,150,160,100,95,65,100,670
218,291,291,テッカニン,61,90,45,50,50,160,456
219,292,292,ヌケニン,1,90,45,30,30,40,236
220,295,295,バクオング,104,91,63,91,73,68,490
221,297,297,ハリテヤマ,144,120,60,40,60,50,474
222,301,301,エネコロロ,70,65,65,55,55,90,400
223,302,302,ヤミラミ,50,75,75,65,65,50,380
224,302,10066,メガヤミラミ,50,85,125,85,115,20,480
225,303,303,クチート,50,85,85,55,55,50,380
226,303,10052,メガクチート,50,147,125,55,95,50,522
227,306,306,ボスゴドラ,70,110,180,60,60,50,530
228,306,10053,メガボスゴドラ,70,140,230,60,80,50,630
229,308,308,チャーレム,60,84,75,60,75,80,434
230,308,10054,メガチャーレム,60,140,85,80,85,100,550
231,310,310,ライボルト,70,75,60,105,60,105,475
232,310,10055,メガライボルト,70,75,80,135,80,135,575
233,311,311,プラスル,60,50,40,85,75,95,405
234,312,312,マイナン,60,40,50,75,85,95,405
235,313,313,バルビート,65,73,75,47,85,85,430
236,314,314,イルミーゼ,65,47,75,73,85,85,430
237,317,317,マルノーム,100,73,83,73,83,55,467
238,319,319,サメハダー,70,120,40,95,40,95,460
239,319,10070,メガサメハダー,70,140,70,110,65,105,560
240,321,321,ホエルオー,170,90,45,90,45,60,500
241,323,323,バクーダ,70,100,70,105,75,40,460
242,323,10087,メガバクーダ,70,120,100,145,105,20,560
243,324,324,コータス,70,85,140,85,70,20,470
244,326,326,ブーピッグ,80,45,65,90,110,80,470
245,327,327,パッチール,60,60,60,60,60,60,360
246,330,330,フライゴン,80,100,80,80,80,100,520
247,332,332,ノクタス,70,115,60,115,60,55,475
248,334,334,チルタリス,75,70,90,70,105,80,490
249,334,10067,メガチルタリス,75,110,110,110,105,80,590
250,335,335,ザングース,73,115,60,60,60,90,458
251,336,336,ハブネーク,73,100,60,100,60,65,458
252,337,337,ルナトーン,90,55,65,95,85,70,460
253,338,338,ソルロック,90,95,85,55,65,70,460
254,340,340,ナマズン,110,78,73,76,71,60,468
255,342,342,シザリガー,63,120,85,90,55,55,468
256,344,344,ネンドール,60,70,105,70,120,75,500
257,346,346,ユレイドル,86,81,97,81,107,43,495
258,348,348,アーマルド,75,125,100,70,80,45,495
259,350,350,ミロカロス,95,60,79,100,125,81,540
260,351,351,ポワルン,70,70,70,70,70,70,420
261,352,352,カクレオン,60,90,70,60,120,40,440
262,354,354,ジュペッタ,64,115,65,83,63,65,455
263,354,10056,メガジュペッタ,64,165,75,93,83,75,555
264,356,356,サマヨール,40,70,130,60,130,25,455
265,357,357,トロピウス,99,68,83,72,87,51,460
266,358,358,チリーン,75,50,80,95,90,65,455
267,358,10306,メガチリーン,75,50,110,135,120,65,555
268,359,359,アブソル,65,130,60,75,60,75,465
269,359,10307,メガアブソルZ,65,154,60,75,60,151,565
270,359,10057,メガアブソル,65,150,60,115,60,115,565
271,362,362,オニゴーリ,80,80,80,80,80,80,480
272,362,10074,メガオニゴーリ,80,120,80,120,80,100,580
273,365,365,トドゼルガ,110,80,90,95,90,65,530
274,366,366,パールル,35,64,85,74,55,32,345
275,367,367,ハンテール,55,104,105,94,75,52,485
276,368,368,サクラビス,55,84,105,114,75,52,485
277,369,369,ジーランス,100,90,130,45,65,55,485
278,370,370,ラブカス,43,30,55,40,65,97,330
279,373,373,ボーマンダ,95,135,80,110,80,100,600
280,373,10089,メガボーマンダ,95,145,130,120,90,120,700
281,376,376,メタグロス,80,135,130,95,90,70,600
282,376,10076,メガメタグロス,80,145,150,105,110,110,700
283,377,377,レジロック,80,100,200,50,100,50,580
284,378,378,レジアイス,80,50,100,100,200,50,580
285,379,379,レジスチル,80,75,150,75,150,50,580
286,380,380,ラティアス,80,80,90,110,130,110,600
287,380,10062,メガラティアス,80,100,120,140,150,110,700
288,381,381,ラティオス,80,90,80,130,110,110,600
289,381,10063,メガラティオス,80,130,100,160,120,110,700
290,382,382,カイオーガ,100,100,90,150,140,90,670
291,382,10077,ゲンシカイオーガ,100,150,90,180,160,90,770
292,383,383,グラードン,100,150,140,100,90,90,670
293,383,10078,ゲンシグラードン,100,180,160,150,90,90,770
294,384,384,レックウザ,105,150,90,150,90,95,680
295,384,10079,メガレックウザ,105,180,100,180,100,115,780
296,385,385,ジラーチ,100,100,100,100,100,100,600
297,386,10003,デオキシス（ス）,50,95,90,95,90,180,600
298,386,386,デオキシス（ノ）,50,150,50,150,50,150,600
299,386,10001,デオキシス（ア）,50,180,20,180,20,150,600
300,386,10002,デオキシス（デ）,50,70,160,70,160,90,600
301,389,389,ドダイトス,95,109,105,75,85,56,525
302,392,392,ゴウカザル,76,104,71,104,71,108,534
303,395,395,エンペルト,84,86,88,111,101,60,530
304,398,398,ムクホーク,85,120,70,50,60,100,485
305,398,10308,メガムクホーク,85,140,100,60,90,110,585
306,400,400,ビーダル,79,85,60,55,60,71,410
307,402,402,コロトック,77,85,51,55,51,65,384
308,405,405,レントラー,80,120,79,95,79,70,523
309,407,407,ロズレイド,60,70,65,125,105,90,515
310,409,409,ラムパルド,97,165,60,65,50,58,495
311,411,411,トリデプス,60,52,168,47,138,30,495
312,413,413,くさきミノマダム,60,59,85,79,105,36,424
313,413,10004,すなちミノマダム,60,79,105,59,85,36,424
314,413,10005,ごみミノマダム,60,69,95,69,95,36,424
315,414,414,ガーメイル,70,94,50,94,50,66,424
316,416,416,ビークイン,70,80,102,80,102,40,474
317,417,417,パチリス,60,45,70,45,90,95,405
318,419,419,フローゼル,85,105,55,85,50,115,495
319,421,421,チェリム,70,60,70,87,78,85,450
320,423,423,トリトドン,111,83,68,92,82,39,475
321,424,424,エテボース,75,100,66,60,66,115,482
322,426,426,フワライド,150,80,44,90,54,80,498
323,428,428,ミミロップ,65,76,84,54,96,105,480
324,428,10088,メガミミロップ,65,136,94,54,96,135,580
325,429,429,ムウマージ,60,60,60,105,105,105,495
326,430,430,ドンカラス,100,125,52,105,52,71,505
327,432,432,ブニャット,71,82,64,64,59,112,452
328,435,435,スカタンク,103,93,67,71,61,84,479
329,437,437,ドータクン,67,89,116,79,116,33,500
330,441,441,ペラップ,76,65,45,92,42,91,411
331,442,442,ミカルゲ,50,92,108,92,108,35,485
332,445,445,ガブリアス,108,130,95,80,85,102,600
333,445,10309,メガガブリアスZ,108,130,85,141,85,151,700
334,445,10058,メガガブリアス,108,170,115,120,95,92,700
335,448,448,ルカリオ,70,110,70,115,70,90,525
336,448,10310,メガルカリオZ,70,100,70,164,70,151,625
337,448,10059,メガルカリオ,70,145,88,140,70,112,625
338,450,450,カバルドン,108,112,118,68,72,47,525
339,452,452,ドラピオン,70,90,110,60,75,95,500
340,454,454,ドクロッグ,83,106,65,86,65,85,490
341,455,455,マスキッパ,74,100,72,90,72,46,454
342,457,457,ネオラント,69,69,76,69,86,91,460
343,460,460,ユキノオー,90,92,75,92,85,60,494
344,460,10060,メガユキノオー,90,132,105,132,105,30,594
345,461,461,マニューラ,70,120,65,45,85,125,510
346,462,462,ジバコイル,70,70,115,130,90,60,535
347,463,463,ベロベルト,110,85,95,80,95,50,515
348,464,464,ドサイドン,115,140,130,55,55,40,535
349,465,465,モジャンボ,100,100,125,110,50,50,535
350,466,466,エレキブル,75,123,67,95,85,95,540
351,467,467,ブーバーン,75,95,67,125,95,83,540
352,468,468,トゲキッス,85,50,95,120,115,80,545
353,469,469,メガヤンマ,86,76,86,116,56,95,515
354,470,470,リーフィア,65,110,130,60,65,95,525
355,471,471,グレイシア,65,60,110,130,95,65,525
356,472,472,グライオン,75,95,125,45,75,95,510
357,473,473,マンムー,110,130,80,70,60,80,530
358,474,474,ポリゴンZ,85,80,70,135,75,90,535
359,475,475,エルレイド,68,125,65,65,115,80,518
360,475,10068,メガエルレイド,68,165,95,65,115,110,618
361,476,476,ダイノーズ,60,55,145,75,150,40,525
362,477,477,ヨノワール,45,100,135,65,135,45,525
363,478,478,ユキメノコ,70,80,70,80,70,110,480
364,478,10285,メガユキメノコ,70,80,70,140,100,120,580
365,479,479,ロトム,50,50,77,95,77,91,440
366,479,10009,FCロトム,50,65,107,105,107,86,520
367,480,480,ユクシー,75,75,130,75,130,95,580
368,481,481,エムリット,80,105,105,105,105,80,580
369,482,482,アグノム,75,125,70,125,70,115,580
370,483,483,ディアルガ,100,120,120,150,100,90,680
371,483,10245,ディアルガ（オリ）,100,100,120,150,120,90,680
372,484,10246,パルキア（オリ）,90,100,100,150,120,120,680
373,484,484,パルキア,90,120,100,150,120,100,680
374,485,485,ヒードラン,91,90,106,130,106,77,600
375,485,10311,メガヒードラン,91,120,106,175,141,67,700
376,486,486,レジギガス,110,160,110,80,110,100,670
377,487,487,ギラティナ,150,100,120,100,120,90,680
378,487,10007,ギラティナ（オリ）,150,120,100,120,100,90,680
379,488,488,クレセリア,120,70,110,75,120,85,580
380,489,489,フィオネ,80,80,80,80,80,80,480
381,490,490,マナフィ,100,100,100,100,100,100,600
382,491,491,ダークライ,70,90,90,135,90,125,600
383,491,10312,メガダークライ,70,120,130,165,130,85,700
384,492,10006,スカイシェイミ,100,103,75,120,75,127,600
385,492,492,シェイミ,100,100,100,100,100,100,600
386,493,493,アルセウス,120,120,120,120,120,120,720
387,494,494,ビクティニ,100,100,100,100,100,100,600
388,497,497,ジャローダ,75,75,95,75,95,113,528
389,500,500,エンブオー,110,123,65,100,65,65,528
390,500,10286,メガエンブオー,110,148,75,110,110,75,628
391,503,10236,Rダイケンキ,90,108,80,100,65,85,528
392,503,503,ダイケンキ,95,100,85,108,70,70,528
393,505,505,ミルホッグ,60,85,69,60,69,77,420
394,508,508,ムーランド,85,110,90,45,90,80,500
395,510,510,レパルダス,64,88,50,88,50,106,446
396,512,512,ヤナッキー,75,98,63,98,63,101,498
397,514,514,バオッキー,75,98,63,98,63,101,498
398,516,516,ヒヤッキー,75,98,63,98,63,101,498
399,518,518,ムシャーナ,116,55,85,107,95,29,487
400,521,521,ケンホロウ,80,115,80,65,55,93,488
401,523,523,ゼブライカ,75,100,63,80,63,116,497
402,526,526,ギガイアス,85,135,130,60,80,25,515
403,528,528,ココロモリ,67,57,55,77,55,114,425
404,530,530,ドリュウズ,110,135,60,50,65,88,508
405,530,10287,メガドリュウズ,110,165,100,65,65,103,608
406,531,531,タブンネ,103,60,86,60,86,50,445
407,531,10069,メガタブンネ,103,60,126,80,126,50,545
408,534,534,ローブシン,105,140,95,55,65,45,505
409,537,537,ガマゲロゲ,105,95,75,85,75,74,509
410,538,538,ナゲキ,120,100,85,30,85,45,465
411,539,539,ダゲキ,75,125,75,30,75,85,465
412,542,542,ハハコモリ,75,103,80,70,80,92,500
413,545,545,ペンドラー,60,100,89,55,69,112,485
414,545,10288,メガペンドラー,60,140,149,75,99,62,585
415,547,547,エルフーン,60,67,85,77,75,116,480
416,549,10237,Rドレディア,70,105,75,50,75,105,480
417,549,549,ドレディア,70,60,75,110,75,90,480
418,550,550,バスラオ,70,92,65,80,55,98,460
419,553,553,ワルビアル,95,117,80,65,70,92,519
420,555,555,ヒヒダルマ,105,140,55,30,55,95,480
421,555,10177,Rヒヒダルマ,105,140,55,30,55,95,480
422,555,10178,Rヒヒダルマ（ダルマ）,105,160,55,30,55,135,540
423,555,10017,ヒヒダルマ（ダルマ）,105,30,105,140,105,55,540
424,556,556,マラカッチ,75,86,67,106,67,60,461
425,558,558,イワパレス,70,105,125,65,75,45,485
426,560,560,ズルズキン,65,90,115,45,115,58,488
427,560,10289,メガズルズキン,65,130,135,55,135,68,588
428,561,561,シンボラー,72,58,80,103,80,97,490
429,563,563,デスカーン,58,50,145,95,105,30,483
430,565,565,アバゴーラ,74,108,133,83,65,32,495
431,567,567,アーケオス,75,140,65,112,65,110,567
432,569,569,ダストダス,80,95,82,60,82,75,474
433,571,10239,Rゾロアーク,55,100,60,125,60,110,510
434,571,571,ゾロアーク,60,105,60,120,60,105,510
435,573,573,チラチーノ,75,95,60,65,60,115,470
436,576,576,ゴチルゼル,70,55,95,95,110,65,490
437,579,579,ランクルス,110,65,75,125,85,30,490
438,581,581,スワンナ,75,87,63,87,63,98,473
439,584,584,バイバニラ,71,95,85,110,95,79,535
440,586,586,メブキジカ,80,100,70,60,70,95,475
441,587,587,エモンガ,55,75,60,75,60,103,428
442,589,589,シュバルゴ,70,135,105,60,105,20,495
443,591,591,モロバレル,114,85,70,85,80,30,464
444,593,593,ブルンゲル,100,60,70,85,105,60,480
445,594,594,ママンボウ,165,75,80,40,45,65,470
446,596,596,デンチュラ,70,77,60,97,60,108,472
447,598,598,ナットレイ,74,94,131,54,116,20,489
448,601,601,ギギギアル,60,100,115,70,85,90,520
449,604,604,シビルドン,85,115,80,105,80,50,515
450,604,10290,メガシビルドン,85,145,80,135,90,80,615
451,606,606,オーベム,75,75,75,125,95,40,485
452,609,609,シャンデラ,60,55,90,145,90,80,520
453,609,10291,メガシャンデラ,60,75,110,175,110,90,620
454,612,612,オノノクス,76,147,90,60,70,97,540
455,614,614,ツンベアー,95,130,80,70,80,50,505
456,615,615,フリージオ,80,50,50,95,135,105,515
457,617,617,アギルダー,80,70,40,100,60,145,495
458,618,618,マッギョ,109,66,84,81,99,32,471
459,618,10180,Rマッギョ,109,81,99,66,84,32,471
460,620,620,コジョンド,65,125,60,95,60,105,510
461,621,621,クリムガン,77,120,90,60,90,48,485
462,623,623,ゴルーグ,89,124,80,55,80,55,483
463,623,10313,メガゴルーグ,89,159,105,70,105,55,583
464,625,625,キリキザン,65,125,100,60,70,70,490
465,626,626,バッフロン,95,110,95,40,95,55,490
466,628,628,ウォーグル,100,123,75,57,75,80,510
467,628,10240,Rウォーグル,110,83,70,112,70,65,510
468,630,630,バルジーナ,110,65,105,55,95,80,510
469,631,631,クイタラン,85,97,66,105,66,65,484
470,632,632,アイアント,58,109,112,48,48,109,484
471,635,635,サザンドラ,92,105,90,125,90,98,600
472,637,637,ウルガモス,85,60,65,135,105,100,550
473,638,638,コバルオン,91,90,129,90,72,108,580
474,639,639,テラキオン,91,129,90,72,90,108,580
475,640,640,ビリジオン,91,90,72,90,129,108,580
476,641,10019,霊獣トルネロス,79,100,80,110,90,121,580
477,641,641,化身トルネロス,79,115,70,125,80,111,580
478,642,642,化身ボルトロス,79,115,70,125,80,111,580
479,642,10020,霊獣ボルトロス,79,105,70,145,80,101,580
480,643,643,レシラム,100,120,100,150,120,90,680
481,644,644,ゼクロム,100,150,120,120,100,90,680
482,645,645,化身ランドロス,89,125,90,115,80,101,600
483,645,10021,霊獣ランドロス,89,145,90,105,80,91,600
484,646,646,キュレム,125,130,90,130,90,95,660
485,646,10023,白キュレム,125,120,90,170,100,95,700
486,646,10022,黒キュレム,125,170,100,120,90,95,700
487,647,647,ケルディオ,91,72,90,129,90,108,580
488,647,10024,ケルディオ（覚悟）,91,72,90,129,90,108,580
489,648,10018,メロエッタ（ステップ）,100,128,90,77,77,128,600
490,648,648,メロエッタ（ボイス）,100,77,77,128,128,90,600
491,649,649,ゲノセクト,71,120,95,120,95,99,600
492,652,652,ブリガロン,88,107,122,74,75,64,530
493,652,10292,メガブリガロン,88,137,172,74,115,44,630
494,655,655,マフォクシー,75,69,72,114,100,104,534
495,655,10293,メガマフォクシー,75,69,72,159,125,134,634
496,658,658,ゲッコウガ,72,95,67,103,71,122,530
497,658,10294,メガゲッコウガ,72,125,77,133,81,142,630
498,658,658,サトシゲッコウガ,72,145,67,153,71,132,640
499,660,660,ホルード,85,56,77,50,77,78,423
500,663,663,ファイアロー,78,81,71,74,69,126,499
501,666,666,ビビヨン,80,52,50,90,50,89,411
502,668,668,カエンジシ,86,68,72,109,66,106,507
503,668,10295,メガカエンジシ,86,88,92,129,86,126,607
504,670,10061,永遠フラエッテ,74,65,67,125,128,92,551
505,670,10296,メガフラエッテ,74,85,87,155,148,102,651
506,671,671,フラージェス,78,65,68,112,154,75,552
507,673,673,ゴーゴート,123,100,62,97,81,68,531
508,675,675,ゴロンダ,95,124,78,69,71,58,495
509,676,676,トリミアン,75,80,60,65,90,102,472
510,678,678,ニャオニクス,74,48,76,83,81,104,466
511,678,10314,メガニャオニクス,74,48,76,143,101,124,566
512,680,680,ニダンギル,59,110,150,45,49,35,448
513,681,681,盾ギルガルド,60,50,140,50,140,60,500
514,681,10026,剣ギルガルド,60,140,50,140,50,60,500
515,683,683,フレフワン,101,72,72,99,89,29,462
516,685,685,ペロリーム,82,80,86,85,75,72,480
517,687,687,カラマネロ,86,92,88,68,75,73,482
518,687,10297,メガカラマネロ,86,102,88,98,120,88,582
519,689,689,ガメノデス,72,105,115,54,86,68,500
520,689,10298,メガガメノデス,72,140,130,64,106,88,600
521,691,691,ドラミドロ,65,75,90,97,123,44,494
522,691,10299,メガドラミドロ,65,85,105,132,163,44,594
523,693,693,ブロスター,71,73,88,120,89,59,500
524,695,695,エレザード,62,55,52,109,94,109,481
525,697,697,ガチゴラス,82,121,119,69,59,71,521
526,699,699,アマルルガ,123,77,72,99,92,58,521
527,700,700,ニンフィア,95,65,65,110,130,60,525
528,701,701,ルチャブル,78,92,75,74,63,118,500
529,701,10300,メガルチャブル,78,137,100,74,93,118,600
530,702,702,デデンネ,67,58,57,81,67,101,431
531,703,703,メレシー,50,50,150,50,150,50,500
532,706,706,ヌメルゴン,90,100,70,110,150,80,600
533,706,10242,Rヌメルゴン,80,100,100,110,150,60,600
534,707,707,クレッフィ,57,80,91,80,87,75,470
535,709,709,オーロット,85,110,76,65,82,56,474
536,711,10030,パンプジン小,55,85,122,58,75,99,494
537,711,711,パンプジン中,65,90,122,58,75,84,494
538,711,10031,パンプジン大,75,95,122,58,75,69,494
539,711,10032,パンプジン特大,85,100,122,58,75,54,494
540,713,10243,Rクレベース,95,127,184,34,36,38,514
541,713,713,クレベース,95,117,184,44,46,28,514
542,715,715,オンバーン,85,70,80,97,80,123,535
543,716,716,ゼルネアス,126,131,95,131,98,99,680
544,717,717,イベルタル,126,131,95,131,98,99,680
545,718,10118,ジガルデ10%,54,100,71,61,85,115,486
546,718,718,ジガルデ50%,108,100,121,81,95,95,600
547,718,10120,ジガルデ100%,216,100,121,91,95,85,708
548,718,10301,メガジガルデ,216,70,91,216,85,100,778
549,719,719,ディアンシー,50,100,150,100,150,50,600
550,719,10075,メガディアンシー,50,160,110,160,110,110,700
551,720,720,フーパ（戒め）,80,110,60,150,130,70,600
552,720,10086,フーパ（解放）,80,160,60,170,130,80,680
553,721,721,ボルケニオン,80,110,120,130,90,70,600
554,724,724,ジュナイパー,78,107,75,100,100,70,530
555,724,10244,Rジュナイパー,88,112,80,95,95,60,530
556,727,727,ガオガエン,95,115,90,80,90,60,530
557,730,730,アシレーヌ,80,74,74,126,116,60,530
558,733,733,ドデカバシ,80,120,75,75,75,60,485
559,735,735,デカグース,88,110,60,55,60,45,418
560,738,738,クワガノン,77,70,90,145,75,43,500
561,740,740,ケケンカニ,97,132,77,62,67,43,478
562,740,10315,メガケケンカニ,97,157,122,62,107,33,578
563,741,741,オドリドリ,75,70,70,98,70,93,476
564,743,743,アブリボン,60,55,60,95,70,124,464
565,745,745,昼ルガルガン,75,115,65,55,65,112,487
566,745,10152,黄昏ルガルガン,75,117,65,55,65,110,487
567,745,10126,夜ルガルガン,85,115,75,55,75,82,487
568,746,746,ヨワシ（単独）,45,20,20,25,25,40,175
569,746,10127,ヨワシ（群れ）,45,140,130,140,135,30,620
570,748,748,ドヒドイデ,50,63,152,53,142,35,495
571,750,750,バンバドロ,100,125,100,55,85,35,500
572,752,752,オニシズクモ,68,70,92,50,132,42,454
573,754,754,ラランテス,70,105,90,80,90,45,480
574,756,756,マシェード,60,45,80,90,100,30,405
575,758,758,エンニュート,68,64,60,111,60,117,480
576,760,760,キテルグマ,120,125,80,55,60,60,500
577,763,763,アマージョ,72,120,98,50,98,72,510
578,764,764,キュワワー,51,52,90,82,110,100,485
579,765,765,ヤレユータン,90,60,80,90,110,60,490
580,766,766,ナゲツケサル,100,120,90,40,60,80,490
581,768,768,グソクムシャ,75,125,140,60,90,40,530
582,768,10316,メガグソクムシャ,75,150,175,70,120,40,630
583,770,770,シロデスナ,85,75,110,100,75,35,480
584,771,771,ナマコブシ,55,60,130,30,130,5,410
585,772,772,タイプ：ヌル,95,95,95,95,95,59,534
586,773,773,シルヴァディ,95,95,95,95,95,95,570
587,774,774,メテノ,60,60,100,60,100,60,440
588,774,10136,メテノ（コア）,60,100,60,100,60,120,500
589,775,775,ネッコアラ,65,115,65,75,95,65,480
590,776,776,バクガメス,60,78,135,91,85,36,485
591,777,777,トゲデマル,65,98,63,40,73,96,435
592,778,778,ミミッキュ,55,90,80,50,105,96,476
593,779,779,ハギギシリ,68,105,70,70,70,92,475
594,780,780,ジジーロン,78,60,85,135,91,36,485
595,780,10302,メガジジーロン,78,85,110,160,116,36,585
596,781,781,ダダリン,70,131,100,86,90,40,517
597,784,784,ジャラランガ,75,110,125,100,105,85,600
598,785,785,カプ・コケコ,70,115,85,95,75,130,570
599,786,786,カプ・テテフ,70,85,75,130,115,95,570
600,787,787,カプ・ブルル,70,130,115,85,95,75,570
601,788,788,カプ・レヒレ,70,75,115,95,130,85,570
602,791,791,ソルガレオ,137,137,107,113,89,97,680
603,792,792,ルナアーラ,137,113,89,137,107,97,680
604,793,793,ウツロイド,109,53,47,127,131,103,570
605,794,794,マッシブーン,107,139,139,53,53,79,570
606,795,795,フェローチェ,71,137,37,137,37,151,570
607,796,796,デンジュモク,83,89,71,173,71,83,570
608,797,797,テッカグヤ,97,101,103,107,101,61,570
609,798,798,カミツルギ,59,181,131,59,31,109,570
610,799,799,アクジキング,223,101,53,97,53,43,570
611,800,800,ネクロズマ,97,107,101,127,89,79,600
612,800,10155,日食ネクロズマ,97,157,127,113,109,77,680
613,800,10156,月食ネクロズマ,97,113,109,157,127,77,680
614,800,10157,ウルトラネクロズマ,97,167,97,167,97,129,754
615,801,801,マギアナ,80,95,115,130,115,65,600
616,801,10318,メガマギアナ,80,125,115,170,115,95,700
617,802,802,マーシャドー,90,125,80,90,90,125,600
618,804,804,アーゴヨン,73,73,73,127,73,121,540
619,805,805,ツンデツンデ,61,131,211,53,101,13,570
620,806,806,ズガドーン,53,127,53,151,79,107,570
621,807,807,ゼラオラ,88,112,75,102,80,143,600
622,807,10319,メガゼラオラ,88,157,75,147,80,153,700
623,809,809,メルメタル,135,143,143,80,65,34,600
624,812,812,ゴリランダー,100,125,90,60,70,85,530
625,815,815,エースバーン,80,116,75,65,75,119,530
626,818,818,インテレオン,70,85,65,125,65,120,530
627,820,820,ヨクバリス,120,95,95,55,75,20,460
628,823,823,アーマーガア,98,87,105,53,85,67,495
629,826,826,イオルブ,60,45,110,80,120,90,505
630,828,828,フォクスライ,70,58,58,87,92,90,455
631,830,830,ワタシラガ,60,50,90,80,120,60,460
632,832,832,バイウールー,72,80,100,60,90,88,490
633,834,834,カジリガメ,90,115,90,48,68,74,485
634,836,836,パルスワン,69,90,60,90,60,121,490
635,839,839,セキタンザン,110,80,120,80,90,30,510
636,841,841,アップリュー,70,110,80,95,60,70,485
637,842,842,タルップル,110,85,80,100,80,30,485
638,844,844,サダイジャ,72,107,125,65,70,71,510
639,845,845,ウッウ,70,85,55,85,95,85,475
640,847,847,カマスジョー,61,123,60,60,50,136,490
641,849,849,ストリンダー,75,98,70,114,70,75,502
642,851,851,マルヤクデ,100,115,65,90,90,65,525
643,853,853,オトスパス,80,118,90,70,80,42,480
644,855,855,ポットデス,60,65,65,134,114,70,508
645,858,858,ブリムオン,57,90,95,136,103,29,510
646,861,861,オーロンゲ,95,120,65,95,75,60,510
647,862,862,タチフサグマ,93,90,101,60,81,95,520
648,863,863,ニャイキング,70,110,100,50,60,50,440
649,864,864,サニゴーン,60,95,50,145,130,30,510
650,865,865,ネギガナイト,62,135,95,68,82,65,507
651,866,866,バリコオル,80,85,75,110,100,70,520
652,867,867,デスバーン,58,95,145,50,105,30,483
653,869,869,マホイップ,65,60,75,110,121,64,495
654,870,870,タイレーツ,65,100,100,70,60,75,470
655,870,10303,メガタイレーツ,65,135,135,70,65,100,570
656,871,871,バチンウニ,48,101,95,91,85,15,435
657,873,873,モスノウ,70,65,60,125,90,65,475
658,874,874,イシヘンジン,100,125,135,20,20,70,470
659,875,10185,FCコオリッポ,75,80,70,65,50,130,470
660,875,875,コオリッポ,75,80,110,65,90,50,470
661,876,876,イエッサン♂,60,65,55,105,95,95,475
662,876,10186,イエッサン♀,70,55,65,95,105,85,475
663,877,877,モルペコ,58,95,58,70,58,97,436
664,879,879,ダイオウドウ,122,130,69,80,69,30,500
665,880,880,パッチラゴン,90,100,90,80,70,75,505
666,881,881,パッチルドン,90,100,90,90,80,55,505
667,882,882,ウオノラゴン,90,90,100,70,80,75,505
668,883,883,ウオチルドン,90,90,100,80,90,55,505
669,884,884,ジュラルドン,70,95,115,120,50,85,535
670,887,887,ドラパルト,88,120,75,100,75,142,600
671,888,888,ザシアン,92,120,115,80,115,138,660
672,888,10188,王ザシアン,92,150,115,80,115,148,700
673,889,889,ザマゼンタ,92,120,115,80,115,138,660
674,889,10189,王ザマゼンタ,92,120,140,80,140,128,700
675,890,890,ムゲンダイナ,140,85,95,145,95,130,690
676,892,892,ウーラオス,100,130,100,63,60,97,550
677,893,893,ザルード,105,120,105,70,95,105,600
678,894,894,レジエレキ,80,100,50,100,50,200,580
679,895,895,レジドラゴ,200,100,50,100,50,80,580
680,896,896,ブリザポス,100,145,130,65,110,30,580
681,897,897,レイスポス,100,65,60,145,80,130,580
682,898,898,バドレックス,100,80,80,80,80,80,500
683,898,10194,黒バドレックス,100,85,80,165,100,150,680
684,898,10193,白バドレックス,100,165,150,85,130,50,680
685,899,899,アヤシシ,103,105,72,105,75,65,525
686,900,900,バサギリ,70,135,95,45,70,85,500
687,901,901,ガチグマ,130,140,105,45,80,50,550
688,901,10272,暁ガチグマ,113,70,120,135,65,52,555
689,902,902,イダイトウ♂,120,112,65,80,75,78,530
690,902,10248,イダイトウ♀,120,92,65,100,75,78,530
691,903,903,オオニューラ,80,130,60,40,80,120,510
692,904,904,ハリーマン,85,115,95,65,65,85,510
693,905,905,化身ラブトロス,74,115,70,135,80,106,580
694,905,10249,霊獣ラブトロス,74,115,110,135,100,46,580
695,908,908,マスカーニャ,76,110,70,81,70,123,530
696,911,911,ラウドボーン,104,75,100,110,75,66,530
697,914,914,ウェーニバル,85,120,80,85,75,85,530
698,916,916,パフュートン♂,110,100,75,59,80,65,489
699,916,10254,パフュートン♀,115,90,70,59,90,65,489
700,918,918,ワナイダー,60,79,92,52,86,35,404
701,920,920,エクスレッグ,71,102,78,52,55,92,450
702,923,923,パーモット,70,115,70,70,60,105,490
703,925,925,イッカネズミ,74,75,70,65,75,111,470
704,927,927,バウッツェル,57,80,115,50,80,95,477
705,930,930,オリーヴァ,78,69,90,125,109,39,510
706,931,931,イキリンコ,82,96,51,45,51,92,417
707,934,934,キョジオーン,100,100,130,45,90,35,500
708,936,936,グレンアルマ,85,60,100,125,80,75,525
709,937,937,ソウブレイズ,75,125,80,60,100,85,525
710,939,939,ハラバリー,109,64,91,103,83,45,495
711,941,941,タイカイデン,70,70,60,105,60,125,490
712,943,943,マフィティフ,80,120,90,60,70,85,505
713,945,945,タギングル,63,95,65,80,72,110,485
714,947,947,アノホラグサ,55,115,70,80,70,90,480
715,949,949,リククラゲ,80,70,65,80,120,100,515
716,950,950,ガケガニ,70,100,115,35,55,75,450
717,952,952,スコヴィラン,65,108,65,108,65,75,486
718,952,10320,メガスコヴィラン,65,138,85,138,85,75,586
719,954,954,ベラカス,75,50,85,115,100,45,470
720,956,956,クエスパトラ,95,60,60,101,60,105,481
721,959,959,デカヌチャン,85,75,77,70,105,94,506
722,961,961,ウミトリオ,35,100,50,50,70,120,425
723,962,962,オトシドリ,70,103,85,60,85,82,485
724,964,964,イルカマン,100,70,72,53,62,100,457
725,964,10256,FCイルカマン,100,160,97,106,87,100,650
726,966,966,ブロロローム,80,119,90,54,67,90,500
727,967,967,モトトカゲ,70,95,65,85,65,121,501
728,968,968,ミミズズ,70,85,145,60,55,65,480
729,970,970,キラフロル,83,55,90,130,81,86,525
730,970,10321,メガキラフロル,83,90,105,150,96,101,625
731,972,972,ハカドッグ,72,101,100,50,97,68,488
732,973,973,カラミンゴ,82,115,74,75,64,90,500
733,975,975,ハルクジラ,170,113,65,45,55,73,521
734,976,976,ミガルーサ,90,102,73,78,65,70,478
735,977,977,ヘイラッシャ,150,100,115,65,65,35,530
736,978,978,シャリタツ,68,50,60,120,95,82,475
737,978,10322,メガシャリタツ,68,65,90,135,125,92,575
738,979,979,コノヨザル,110,115,80,50,90,90,535
739,980,980,ドオー,130,75,60,45,100,20,430
740,981,981,リキキリン,120,90,70,110,70,60,520
741,982,982,ノココッチ,125,100,80,85,75,55,520
742,983,983,ドドゲザン,100,135,120,60,85,50,550
743,984,984,イダイナキバ,115,131,131,53,53,87,570
744,985,985,サケブシッポ,115,65,99,65,115,111,570
745,986,986,アラブルタケ,111,127,99,79,99,55,570
746,987,987,ハバタクカミ,55,55,55,135,135,135,570
747,988,988,チヲハウハネ,85,135,79,85,105,81,570
748,989,989,スナノケガワ,85,81,97,121,85,101,570
749,990,990,テツノワダチ,90,112,120,72,70,106,570
750,991,991,テツノツツミ,56,80,114,124,60,136,570
751,992,992,テツノカイナ,154,140,108,50,68,50,570
752,993,993,テツノコウベ,94,80,86,122,80,108,570
753,994,994,テツノドクガ,80,70,60,140,110,110,570
754,995,995,テツノイバラ,100,134,110,70,84,72,570
755,998,998,セグレイブ,115,145,92,75,86,87,600
756,998,10325,メガセグレイブ,115,175,117,105,101,87,700
757,1000,1000,サーフゴー,87,60,95,133,91,84,550
758,1001,1001,チオンジェン,85,85,100,95,135,70,570
759,1002,1002,パオジアン,80,120,80,90,65,135,570
760,1003,1003,ディンルー,155,110,125,55,80,45,570
761,1004,1004,イーユイ,55,80,80,135,120,100,570
762,1005,1005,トドロクツキ,105,139,71,55,101,119,590
763,1006,1006,テツノブジン,74,130,90,120,60,116,590
764,1007,1007,コライドン,100,135,115,85,100,135,670
765,1008,1008,ミライドン,100,85,100,135,115,135,670
766,1009,1009,ウネルミナモ,99,83,91,125,83,109,590
767,1010,1010,テツノイサハ,90,130,88,70,108,104,590
768,1013,1013,ヤバソチャ,71,60,106,121,80,70,508
769,1014,1014,イイネイヌ,88,128,115,58,86,80,555
770,1015,1015,マシマシラ,88,75,66,130,90,106,555
771,1016,1016,キチキギス,88,91,82,70,125,99,555
772,1017,1017,オーガポン,80,120,84,60,96,110,550
773,1018,1018,ブリジュラス,90,105,130,125,65,85,600
774,1019,1019,カミツオロチ,106,80,110,120,80,44,540
775,1020,1020,ウガツホムラ,105,115,121,65,93,91,590
776,1021,1021,タケルライコ,125,73,91,137,89,75,590
777,1022,1022,テツノイワオ,90,120,80,68,108,124,590
778,1023,1023,テツノカシラ,90,72,100,122,108,98,590
779,1024,1024,テラパゴス,90,65,85,65,85,60,450
780,1024,10276,テラパゴス（テラス）,95,95,110,105,110,85,600
781,1024,10277,テラパゴス（ステラ）,160,105,110,130,110,85,700
782,1025,1025,モモワロウ,88,88,160,88,88,88,600